id,source_page,frame,subframe,topic,question_reconstructed,answer_vibs_report_reflection,expected_interpretation_noexcuse_sammenheng,opportunities
NE-01,6,Identitet,Tydelighet,Opplevd markedsidentitet,Hva er status for opplevd markedsidentitet i virksomheten?,"Fremmedord. Prematurt. Ingen vet om oss. Tenkt på identitet gjennom å skape verdi for kunden. Ønsker å treffe SMB, og de ønsker å se verdi med en gang. Vi skal løse utfordringen enkelt og treffe midt i kjernen. Vi skal være en seriøs aktør. ""Vi skal forenkle tilbudsprosessen og synliggjøring av kvalitet for totalentreprenør. Vi gjør bærekraft lønnsomt.”","Merkevaren er kjennetegnene som mulige kunder bruker for å gjenkjenne hvem en leverandør er, og en påminnelse om hvorfor de er det riktige valget. For at merke-varen skal være tydelig og troverdig, må den representere virksomhetens identitet slik som den oppleves i markedet blant kunder, konkurrenter og partnere.",Intern identitetsworkshop med marked og drift [Lav/Høy] | Markedsfremstøt mot kundene [Middels/Lav] | Gjennomgå den visuelle profilen [Lav/Middels] | Tydeliggjøre merkevarehistorien [Middels/Lav]
NE-02,7,Identitet,Tydelighet,Identitet i ledelse,Hva er status for identitet i ledelse i virksomheten?,Vi forenkler hverdagen og bringer inn en unik beregningsmodell.,"Virksomhetens identitet representeres av dens ledere, og deres framtreden er et forbilde for ansatte og partnere. Det opprinnelige opphavet ligger gjerne hos gründerne, som når virksomheten vokser må formidle den videre til nye ansatte og ledere som de kanskje ikke møter daglig på arbeidsplassen. For at en identitet ikke skal bestå av intensjoner og formaninger, så må den gjøres levende av ledelsen.",Sette identitet på dagsorden for ledergruppen [Lav/Middels] | Sørge for å avklare roller og ansvar i ledergruppen [Middels/Middels]
NE-03,8,Identitet,Tydelighet,Identitet i formidling,Hva er status for identitet i formidling i virksomheten?,"Formidling avhenger av hvem som er kunden. Det kan være totalentreprenører, privatkunder, aktører i bank & forsikring og andre. Vi skal utføre beregninger og på den måten forenkle. Vi skal skille oss ut på kvalitet og pris og bærekraft. Banker skal anbefale vår løsning. (TCO).","Kontakt med kunder og partnere i salg og samarbeid er en viktig kanal hvor identiteten formidles og styrkes. Historiene om hva virksomheten holder på med, hvordan den gjør det, og hvem den egentlig er, avhenger av hvordan identiteten formidles i den løpende dialogen med andre parter.",Dedikert opplæring og oppfølging av selgerne [Middels/Lav] | Gjennomgå kjernebudskapet til selskapet [Høy/Middels]
NE-04,9,Identitet,Tydelighet,Identitet i produksjon,Hva er status for identitet i produksjon i virksomheten?,"Prematurt, men foreløpig må det handle om forenkling og kontroll.","Ansatte og ledere skaper sammen internkulturen i virksomheten, det som kjennetegner og skaper samhold og fellesskap. Denne felles indre identiteten er en viktig forutsetning for samarbeid og effektiv produksjon. Når den indre identiteten ikke samsvarer med den ytre identiteten, er utydelig eller delt, svekkes det sosiale.",Dedikert opplæring og oppfølging av ansatte [Høy/Lav]
NE-05,10,Identitet,Tydelighet,Kundes identitetsoppfatning,Hva er status for kundes identitetsoppfatning i virksomheten?,"Privatkunder vil få servert tilbudene superenkelt. “Vi skal legge opp til en lett dialog, kartlegge behov underveis, og sikre mer valuta for pengene.”","Det er kundes opplevelse av virksomhetens identitet som er den virkelige testen i markedet, og det er også derfor en av de vanligste områdene å gjøre systematiske målinger. Her er det viktig å igjen skille mellom merkevare og identitet, og å forstå hvilke faktorer det er som påvirker kundes oppfatninger og fortolkninger.",Markedsundersøkelse [Middels/Lav] | Sikre tydelig differensiering i budskapet [Middels/Lav] | Implementer analyseverktøy for å forstå hvordan kundene oppfatter vår identitet [Høy/Lav]
NE-06,11,Identitet,Det unike,Markedsdifferanse,Hva er status for markedsdifferanse i virksomheten?,"Dette hevdes å være en ny standard, der det ikke finnes konkurrenter (utenom kanskje en). De skal samle alle leverandører og gjør det noe nytt med. Dette for å gjøre det enkelt selv for privatkunden. Målet er å lage en fordel for entreprenører der de kan hinder konkurrenter. Skal skille seg ut på forenkling og vekting. Skal skape ordrekontroll forenkle revisjoner og inkludere NOBB.","Identitet er i stor grad kjennetegnet av forskjeller, kontraster – hva man ikke er. Det er også en av de viktigste faktorene for å lykkes å markedet: Tydelighet om hvordan man er annerledes enn konkurrentene. For at disse forskjellene skal oppleves som relevante, troverdige og tydelige må de forankres sterkt i virksomhetens identitet.",Gjennomføre kvalitativ konkurrentanalyse [Middels/Lav] | Logge de som bidrar til avvik fra profilen [Høy/Lav]
NE-07,12,Identitet,Det unike,Attraksjonsdifferanse,Hva er status for attraksjonsdifferanse i virksomheten?,"Leder tenker at det er fordi virksomheten fokuserer på å løse problem for kunder, og at potensielle ansatte vil være med på å løse dette, som gjør dem attraktive. Daglig leder er en interessant person som kjører rally osv. Videre skal de som blir med på laget være med på å skape et produkt og løse et stort problem gjennom forenkling.","Forskjeller fra konkurrentene er avgjørende for å etablere en tydelig identitet i markedet, og det gjelder også virksomhetens identitet som arbeidsplass. Potensielle nye arbeidstakere vil ha forventninger til virksomheten ut fra oppfattet identitet, og dette legger forutsetningene hva hvem som søker på stillinger.","Definere målsetting, måle løpende og iverksette tiltak [Lav/Middels] | Sikre gode utviklingsmuligheter [Middels/Middels] | Sørg for konkurransedyktige betingelser [Høy/Middels]"
NE-08,13,Identitet,Relevans,Ambisjonsbevissthet,Hva er status for ambisjonsbevissthet i virksomheten?,Dette er en klassisk startup. Hvis man klarer å validere sin beregningsmodell med en MVP vil det styrke deres posisjon. Tenker å bygge på også partnerskap. “Vi ønsker å sette en ny bransjestandard!”,"Ambisjoner og forventninger til fremtiden er en viktig forutsetning for å oppfattes som relevant. Fortellingene om hvilke reiser virksomheten skal legge ut på vil alltid defineres av hvem man er i dag, hvor man kommer fra, og hvem man vil bli. Dersom virksomheten ikke er bevisst på dette, så kan man heller ikke lede sin egen utvikling.",Gjennomføre gap-undersøkelse: mål vs. belastning [Middels/Middels] | Inkorporer innovasjon og læring i fx en eLæring [Lav/Middels] | Skap en åpen og involverende dialog internt [Lav/Høy]
NE-09,14,Identitet,Relevans,Verdibevissthet,Hva er status for verdibevissthet i virksomheten?,"Alle skriver om problemet, men ingen har vist at de kan løse det. I dag kan ingen gjøre ESG-rapportering, utover å sette inn noen tall. “Vi ønsker å gjøre bransjen bedre, unngå grønnvasking, øke lønnsomheten og legge inn reelle kroner bak Co2.”","Oppfatninger om hva det er virksomheten legger vekt på som viktig og har verdi er avhengig av at virksomheten selv er bevisst på spørsmålet og tar tydelige valg om hvordan dette henger sammen med identiteten. Dette former hva det er i virksomhetens identitet som andre, for eksempel kunder, opplever som verdifullt.",Integrer verdiene i det daglige arbeidet [Lav/Middels] | Sørge for at ledere er rollemodeller som etterlever virksomhetens verdier [Middels/Middels]
NE-10,15,Identitet,Relevans,Endringsbevissthet,Hva er status for endringsbevissthet i virksomheten?,"Ikke så mange rutiner foreløpig. Jobber med et dokumentsenter. Ikke så relevante i markedet ennå. Leter etter alle feil i bransjen. Daglig leder er aktiv tømrer i sitt daglige virke. CEO sier: ""Rutinen min er å finne alle feil som oppstår i bransjen og finne måter å gjøre det bedre.""","Markedet er i konstant endring, det gjør at forutsetningene for virksomhetens identitet alltid er ustabile og krever justeringer. I likhet med behovet for bevissthet om fremtiden og det som er verdifullt, så kreves det bevissthet om evnen til å endre seg for å selv kunne lede istedenfor å bli ledet av skiftende omstendigheter.",Etablere faste rutiner for omverdensanalyse [Lav/Middels] | Målbevisst innhenting av informasjon fra kunder [Middels/Middels] | Delta aktivt i bransjenettverk og fagmiljøer [Middels/Middels]
NE-11,16,Identitet,Attraksjon,Preferansefaktorer,Hva er status for preferansefaktorer i virksomheten?,Daglig leder sier at “Alle er allergiske mot abonnement - slik at alle vil betale kun en forholdsvis lav kostnad”. Det kan se ut som det går mot fastpris.,"Oppfatninger av virksomhetens identitet, og hva det er som gjør at virksomheten fremstår som forskjellig fra konkurrenter i markedet, er avgjørende faktorer for å bli det foretrukne valget. Identiteten peker ut sannsynlige muligheter og handlinger.",Sørg for unike kundeopplevelser [Middels/Middels] | Sørg for å ha en tydelig profil [Høy/Middels] | Tilby innovative tjenester og tilleggstilbud [Høy/Middels]
NE-12,17,Identitet,Attraksjon,Preferanseattributter,Hva er status for preferanseattributter i virksomheten?,"Daglig leder mener at trygghet er avgjørende faktor, så en gratis inngang blir viktig. Her må virksomheten ut for å spørre innser de selv.",Følelser og assosiasjoner forbundet med identiteten virker på samme måte som preferansefaktorer til fordel for å gjøre identiteten tiltrekkende og attraktiv.,Gjennomfør brukerundersøkelser regelmessig [Høy/Høy] | Vurder internt i ledergruppen regelmessig virksomhetens preferanseattributter [Middels/Middels]
NE-13,18,Identitet,Troverdighet,Kongruens i ord og handling,Hva er status for kongruens i ord og handling i virksomheten?,Virksomheten har blitt møtt av Sintef som var overrasket over at deres forretningsidé ikke finnes i markedet allerede. Dette er åpenbart troverdig og innovativt.,Beskrivelse av i hvilken grad kommunikasjon om produktet og selve produktet som leveres svarer til hverandre. Innebefattet også hvordan vi omtaler produktet sett i lys av kommunikasjon for øvrig.,Gjennomfør markedsanalyse [Middels/Middels] | Definer «adferd i praksis» gjennom fx verdiplakater og i møter. Forklar på hvilken måte tillit kan skapes [Middels/Middels] | Sørg for at ledere er rollemodeller (Walk the talk) [Lav/Høy]
NE-14,19,Identitet,Troverdighet,Selvsagt soliditet,Hva er status for selvsagt soliditet i virksomheten?,Det å få på plass en MVP (en minste levedyktige løsning) som de kan gå ut i markedet med vil være avgjørende. For håpentligvis vil det vise at de er en seriøs aktør og at det gir troverdighet. En idé er å få en bank el. til å teste løsningen.,En beskrivelse av hvordan det jobbes overfor kundene på en tydelig måte i hvilken grad de kan ha tillit til lovnaden om produktet og det som faktisk leveres.,Definer en prosedyre for å måle soliditet regelmessig [Middels/Middels] | Anerkjenn de som leverer kvalitet konsekvent og som løser problemer [Middels/Høy] | Legg opp til samarbeid og støtt under teamfølelse [Lav/Middels]
NE-15,20,Identitet,Langsiktighet,Kjerneidentitet i utstrekning,Hva er status for kjerneidentitet i utstrekning i virksomheten?,Virksomheten vil bli assosiert med begreper som “ærlige” og “no fluff” og det ønsker de å holde på.,"Sikre at virksomheten har definert de delene av identiteten som skal være stabile over tid, til tross for endringer i markedet, virksomhetens premisser og produktets utforming. Målet er å sikre at tydelighet i seg selv og stabilitet over tid.",Gjennomfør internt arbeidsmøte for å tydeliggjøre vår kjerneidentitet og hvordan bruke dette aktivt [Middels/Middels] | Forankre identiteten i bedriftskulturen [Lav/Middels] | Integrer merkevarestrategi med virksomhetsstrategi [Middels/Høy] | Evaluer og juster identiteten uten å miste kjernen [Middels/Lav]
NE-16,21,Identitet,Langsiktighet,Kjerneidentitet i form,Hva er status for kjerneidentitet i form i virksomheten?,Da intervjuet fant sted var selskapet kun et par måneder gammelt. Har ikke rukket å gjøre så mange tabber ennå.,"Noen ganger kan det være fristende å starte opp virksomheten på nytt med “blanke ark”. En sammenheng der vi kan se bort fra dårlige historiske valg, tabber og elementer som forkludrer vår identitet i dag.",Gjennomfør et arbeidsmøte med mål om å tydeliggjøre vår kjerneidentitet [Lav/Middels] | Definer og lev verdiene (employer branding) [Middels/Middels] | Etabler en åpen og tydelig kommunikasjonskultur [Middels/Middels] | Sørg for kompetanseutvikling og livslang læring [Middels/Høy]
NE-17,22,Struktur,Beslutninger,Organisering av myndighet,Hvordan er beslutningsmyndighet og mandat organisert i virksomheten?,Det et tydelig økonomisk mandat. Daglig leder tar i all hovedsak de beslutninger som trengs å tas. Selv med en investorstrategi er det en noe utydelig rolleavklaring.,Sikre at alle ansatte vet hva de har av myndighet til å gjøre uten å måtte spørre nærmeste leder. Dette er med på å skape en trygghet. Legg en plan for å håndtere avvik fra forventninger og myndighet – dette kan gå begge veier.,Undersøk med lederne i hvilken grad de føler myndighet [Lav/Middels]
NE-18,23,Struktur,Beslutninger,Eierskapets betydning,Hva er status for eierskapets betydning i virksomheten?,"Intervjugruppen er gründere og oppstartsgruppen, som dermed har et selvsagt eierskap og forhold til innsatsen. Det er en sterk indre motivasjon for å løse et problem.","Ulike eierskap av virksomheter kan påvirke virksomheten og de som jobber der, ofte mer eller mindre ubevisst. Sjekk gjerne særtegn med eierskapsformen og særtegn med denne opp mot opplevd eierskap.",Jobb med målstyrt ledelse [Middels/Høy] | Sikre at virksomhetens strategi er kjent i ledergruppen [Middels/Middels]
NE-19,24,Struktur,Beslutninger,Tjenestevei,"Hvordan fungerer tjenestevei, rapportering og ansvarslinjer i praksis?",Per tid er virksomheten for liten (3 personer). Derimot er refleksjonene rundt emnet om 2-3 år med flere ansatte interessant. Her ser man for seg at alle vil jobbe utenom tjenesteveier og at det vil være positivt med tanke på at det er flat struktur. Viktig å huske på visjon og verdier når det skal rekrutteres i fremtiden.,"Det er generelt en fordel at rapportering som regel følger tjenestevei. Det kan oppleves som forutsigbart og være en stor fordel spesielt i tilfeller der ansvar, oppgaver og rapportering settes på prøve",Undersøk i hvilken grad det rapporteres etter tjenestevei [Middels/Lav] | Etabler tydelige og skriftlige rutiner [Middels/Middels] | Lag tydelige organisasjonskart og ansvarslinjer [Lav/Middels] | Sikre god opplæring og onboarding [Lav/Høy] | Tren på avvikshåndtering [Middels/Middels]
NE-20,25,Struktur,Beslutninger,Ansattes autonomi,"Hvor stor autonomi skal ansatte ha, og hvordan avgrenses den?","Det er viktig for gründerne at kommunikasjon skjer uten flaskehalser i en flat struktur. Problemstillinger som oppstår i denne første fasen, vil handle om å kunne snu seg raskt og da må autonomi råde gjennom kompetente og motiverte medarbeidere.","Noen ganger er det en fordel at de faste tjenesteveiene omgås, dette kan det være lurt å avklare, slik at det avviksregistreres og håndteres i eventuelle nye beskrivelser","Undersøk i hvilken grad det rapporteres utover tjenestevei [Middels/Lav] | Utvikle ledere til å delegere ansvar, ikke bare oppgaver [Middels/Høy] | Tilrettelegg for fleksible arbeidshverdager [Middels/Middels] | Etabler en åpen og støttende kommunikasjon [Middels/Høy]"
NE-21,26,Struktur,Beslutninger,Utenfor normal drift,Hva er status for utenfor normal drift i virksomheten?,I dag driftes virksomheten fleksibelt. Mye av innsatsen gjøres ved siden av ordinært arbeid på kvelder og i helger. Det er behov for å strukturere dette noe mer opp med flere ansatte i virksomheten.,Normalt defineres det en driftstid. Dette kan innebære både tidspunkt der produksjonen skjer kontrollert og utenfor løpende kontroll. Utover produksjonstid kan en se på tidsrom der vi er tilgjengelige for kunder og andre. I ytterste konsekvens kan vi være nødt til å stille opp helt ekstraordinært ved for eksempel uønskede hendelser. Utfordringen som det sees på her er i hvilken grad de som er i drift er i stand til å ta raske beslutninger,Kartlegg graden av drift utover normal tid [Lav/Lav] | Kartlegg typen beslutninger som må tas utover normal tid [Lav/Middels]
NE-22,27,Struktur,Beslutninger,Leverandører,Hva er status for leverandører i virksomheten?,Det skal jobbes med å kvalitetssikre relasjonene slik at styrken i relasjonene skal gå begge veier med tydelig dekningsbidrag (“cut”) og motivasjon (“what’s in it for me”). Det skal bygges sterke mellommenneskelige relasjoner og gå begge veier. Ryddig forhold til kontrakter og fakturering.,I en verdikjede er vi avhengige av leverandører enten direkte eller indirekte. I de tilfellene der uforutsette hendelse oppstår settes gjerne slike relasjoner på prøve. I hvilken grad disse stiller opp vil ofte avhenge av avtalemessige eller kommersielle forhold. Vi er uansett avhengige av et positivt bidrag,Gjennomgå leverandøravtaler [Lav/Lav] | Evaluer uforutsette hendelser der vi har vært avhengige av at leverandører bidrar positive og deres bidrag [Lav/Lav]
NE-23,28,Struktur,Måling,Målbarhet,Hva er status for målbarhet i virksomheten?,"Emnet er ikke avklart i ledergruppen, så det utløste en diskusjon. Det ble enighet om å utvikle en løsning som en standard i markedet. Det er et ønske om å vektlegge styrken i konkrete og praktisk bruk av måling. Ulike parameter som kan måles; antall kunder, antall prosjekter, omsetning, kvalitetstall (eks. oppetid), Co2-reduksjon osv.","Å jobbe målstyrt har for mange virksomheter vist seg å bidra positivt til styring og ledelse, motivasjon og feiring. Mange anbefaler at det jobbes etter prinsipper som fx. SMARTE mål.",Innfør balance scorecard [Middels/Middels] | Definer de viktigste måleparameterne [Lav/Høy] | Innfør KI-verktøy for å kunne trekke enkle slutninger basert på store mengder data [Middels/Høy]
NE-24,29,Struktur,Måling,Bruk av målstyring,Hva er status for bruk av målstyring i virksomheten?,"Dette emnet er også noe prematurt for virksomheten. Det er noen milepæler lagt for dette året som må oppnås. Disse handler om å hente inn penger, få sendt søknader og bli motivert av å få en første versjon i drift. Dagen første demo skal vises motiverer. Ellers er det oppmerksomhet på økonomi og lønnsomhet.","Å ha en bevisst policy ift håndtering av måling og formidling av resultater er avgjørende for uniform bruk av disse. En konsekvens ved å bruke målstyringen på en lite gjennomtenkt måte, kan være at det har motsatt effekt",Definér i lederhåndboka hvordan mål skal benyttes. Bruke SMARTE mål og utvikle KPI’er [Lav/Middels] | Involver medarbeiderne for å skape forankring [Middels/Høy]
NE-25,30,Struktur,Strategi,Kommunikasjon om strategi,Hva er status for kommunikasjon om strategi i virksomheten?,"På sikt skal det forankres en verdibasert strategi der de ansatte kjenner denne og er forankret i ledergruppen. Skal utvikles når tiden er moden for det, da flere i ledergruppen har kompetanse fra større virksomheter.","Å benytte strategi bevisst og gjennomtenkt, kan for mange, i møte med virksomhetens kultur være en styrke. Å sørge for at hver og en forstår sin betydning ift etterlevelse av en strategi bidrar gjerne til at man føler seg involvert. Dette er viktig både ved lansering og ved vedlikehold av strategien.",Gjennomfør strategiprosesser utover i virksomheten [Middels/Middels] | Definer en tydelig og kortfattet visjon [Lav/Middels] | Knytt daglige oppgaver til strategien [Middels/Middels] | Skap 2-veiskommunikasjon [Middels/Høy]
NE-26,31,Struktur,Strategi,Etterlevelse strategi,Hva er status for etterlevelse strategi i virksomheten?,"CEO har hatt fri fra jobb i 1,5 år nå og siden det begynner å knipe på kapital oppleves det som noe hastverk. Slik er det å være en oppstartsbedrift og sårbar mot “Nei!”.","Når året er over må fjorårets etterlevelse av strategien evalueres. Se gjerne etter om bruk av penger og beslutninger understøtter strategien og om det er avvik, hva disse kommer av og om det er læringspunkter eller behov for å gjøre endringer på strategien.",Gjennomfør evaluering av fjorårets strategi [Lav/Middels] | Jevnlig avviksanalyse (budsjett vs. regnskap) [Middels/Middels] | Rullerende prognoser (oppdateringer) [Middels/Middels] | Involver organisasjonen [Høy/Middels] | Gjennomfør risikovurderinger [Lav/Middels]
NE-27,32,Struktur,Budsjett,Budsjettets fleksibilitet,Hva er status for budsjettets fleksibilitet i virksomheten?,Virksomheten har et budsjett og et bevisst forhold til å justere dette basert etter eventuelle midler som dukker opp som de ikke visste om da budsjettet ble laget.,"Et budsjett kan legges opp mot 2år før neste periode er fullført. Dermed kan ulike endringer i markedet ha ført til at budsjettet blir meningsløst å bruke som styrings- verktøy. I praksis kan dette gjelde valutaendringer, dieselpriser som endrer seg, politiske endringer, nye lover og regler, plutselig arbeidsledighet eller store endringer i tilbud og etterspørsel.",Gjennomfør risikovurdering for mer fleksibelt budsjetter [Middels/Middels] | Evaluer endringer på budsjett som gjøres [Lav/Middels]
NE-28,33,Struktur,Budsjett,Budsjett for forbedring,Hva er status for budsjett for forbedring i virksomheten?,"Etter en god prat om hvordan budsjett kan benyttes for å styre innsats og resultat, kom man frem til at virksomheten er i en for tidlig fase med tanke på (manglende) omsetning. Det er ikke ønske om å forandre produktet, men forbedringer på budsjettet kan gjøre dem kjappere og gi en tydeligere identitet.","Budsjett er et av flere styringsverktøy for å sikre sunn drift for neste periode. Virksomheter som jobber grundig med budsjettprosesser og med dem har resultat- ansvar, opplever at eierskapet til budsjettet vokser. Dette inkluderer at aktørene også har mulighet til å legge inn forslag til forbedring.","Legg en plan for å inkludere ledere med resultatansvar, for å avklare behov for forbedringer på budsjettet [Middels/Høy] | Gjennomfør undersøkelse mot ledere med resultatansvar om deres påvirkning av forbedringer [Middels/Middels] | Introduser løsninger basert på KI for å se på hvordan budsjettet aktivt kan brukes til forbedringer [Lav/Middels]"
NE-29,34,Struktur,Skjema,Effektive bedriftssystemer,Hva er status for effektive bedriftssystemer i virksomheten?,"Det er pt. “ikke så mye å holde styr på”, men på sikt vurdere noe annet enn Tripletex. Dette vil ha med økt antall transaksjoner. Foreløpig ikke behov for CRM. Det er heller ikke lønnsutbetalinger pt. Microsoft er implementert i tillegg til kontoer på LinkedIn og Facebook.","Å ha effektive systemer for å håndtere kunder, ordre, drift, økonomi, ansatte, administrasjon, dokumenter, sikkerhet, avvik osv. kan være avgjørende i kampen mot konkurrentene. Her inkluderes også utviklingsplan av disse for å følge med i tiden.",Kartlegging av virksomhetens bedriftssystemer [Lav/Middels] | Risikovurdering av bedriftssystemene [Middels/Middels] | Kompetansekartlegging av brukere av bedriftssystem [Middels/Middels] | Investerings- og utviklingsplan av bedriftssystemene [Middels/Middels]
NE-30,35,Struktur,Skjema,Sjekkliste for oppgave,Hva er status for sjekkliste for oppgave i virksomheten?,I hvilken grad det skal være sjekklister for oppgaver avhenger av oppgaven. Et eksempel på dette kan være søknadsprosesser.,"Det er en balansegang for de fleste virksomheter mellom å overstyre ansatte med evig mange sjekklister, instrukser og rutiner og det å la oppgaveløsing være en viktig del av mestringsfølelse. Vurdér faktorer som dokumentasjonsplikt, frekvens, kompleksitet, variasjon, om oppgaven går på rundgang ol. før det lages en sjekkliste av oppgaven.","Kartlegg hva som finnes av sjekklister i virksomheten, sett i lys av personal- eller instruksjonshåndbøker [Lav/Middels] | Avklar hva som skal til for å lage en sjekkliste [Lav/Middels]"
NE-31,36,Struktur,Skjema,Relevant rapportering,Hva er status for relevant rapportering i virksomheten?,"Rapportering er viktig for virksomheten for blant annet å sikre troverdighet, sørge for pliktig dokumentasjon og sikre bevis. Dette vil brukes i månedlige rapporter mot interessenter og partnere/investorer. Det er mål å bevise progresjon overfor de man er på radaren hos. Her er også egen forpliktelse avgjørende.","Hva som skal rapporteres og ikke, hvem som skal rapportere til hvem, når og ikke kan være krevende å lage en struktur på. For mye rapportering vil stjele produksjons-tid, oppleves som meningsløst, kan være provoserende og ende opp som provoserende. For lite rapportering kan på en annen side føre til at beslutninger tas på feil grunnlag og blir dårlige.","Kartlegg rapporteringsoppgavene, hvem som rapporterer hva til hvem, med begrunnelse om hvorfor rapporteringen skjer og når den skal vurderes på nytt [Middels/Middels] | Innfør interne KI-verktøy som samler data og effektivt presenterer dette for ledergruppen og andre [Lav/Middels]"
NE-32,37,Menneske,Trygghet,Rasjonalitet,Hva er status for rasjonalitet i virksomheten?,"Det er viktig for virksomheten å ha fart for dette skaper en følelse av formål. Videre er det fornuftig, konkret og inspirerende å ha et tydelig formål.","Noen oppgaver er ufornuftige, mens andre er knyttet til fornuft. Målet med å jobbe rasjonelt vil være å sikre at ledelsen sørge for klare følelser av fornuft og kloke avgjørelser. Å ha en løpende oversikt kan være bra for både virksomheten og de som er tilknyttet.",Kartlegg hva de enkelte faktisk gjør og avdekk om det er ufornuftige oppgaver [Lav/Middels] | Forankre sikkerhet i ledelsen og virksomhetsstyringen [Lav/Middels] | Gjennomfør risikovurderinger [Lav/Middels] | Bygge en sterk sikkerhetskultur [Middels/Middels] | Etabler beredskap og delta på øvelser [Høy/Middels]
NE-33,38,Menneske,Trygghet,Omsorg,Hva er status for omsorg i virksomheten?,Det vil være viktig å gjøre de ansattes innsats synlig for å bygge yrkesstolthet. Dette gjelder spesielt yngre arbeidstakere. Internt skal vi jobbe for å unngå fordommer og heller se hverandres innsats. Innsats vil være viktigere enn resultatet.,Å være bevist på omsorg som en faktor for å sikre at alle medarbeiderne har det bra kan være krevende. Det viser seg at ulike medarbeidere opplever omsorg på ulike måter. Konsekvensene av å feile her kan over tid føre til at arbeidsklimaet og -miljøet utvikler seg i en retning som man egentlig ønsker.,Definer verdibegrep for virksomheten [Lav/Middels] | Gjennomfør spørreundersøkelse der dere får avdekket hvordan det står til med omsorg i virksomheten [Middels/Lav]
NE-34,39,Menneske,Trygghet,Menneskeverdt,Hva er status for menneskeverdt i virksomheten?,"Ledelsen skal styrke de ansattes selvtillit og akseptere andres personlige verdi gjennom å legge tydelige føringer for hvordan man vil ha det i selskapet. Vil jobbe med verdier, eksponere seg som leder, by på seg selv, innrømme feil og ære den som bør æres. Det er en styrke at gründergruppen er ulike også i personlige verdier.","Å ha et bevisst forhold til menneskeverd vil kunne bidra til et solid grunnlag for beslutninger og prioriteringer. Dette vil kunne peke direkte tilbake på hvordan virksomheten blir omtalt blant sine kontakter. Å føre et lavt, men allikevel lovlig menneskeverd, kan gjøre virksomheten mindre attraktiv for både nye og eksisterende ansatte.",Utvikle en solid personalstrategi [Middels/Middels] | Undersøk blant ansatte i hvilken grad de opplever menneskeverdt ivaretatt [Lav/Lav]
NE-35,40,Menneske,Trygghet,Kreativitet,Hva er status for kreativitet i virksomheten?,Dette med kreativitet oppleves som vesentlig. Det snakkes om å unngå rigide systemer og heller stole på hverandre gjennom å tildele ansvar. På den måten også bygge selvfølelse.,"Utvikling er gjerne tuftet på innovasjon som baseres på kreative initiativ. Virksomheter er gjerne avhengig av en grad kreativitet, samtidig som at ukontrollert kreativitet fort kan skape mange former for stress. Gjelder både de som eksponeres for kreative krefter i tid og utid, samt de som brenner inne med gode ideer uten noen gang å bli hørt.",Etabler kreative arenaer [Lav/Middels] | Gjennomfør opplæring i kreative prosesser [Middels/Middels] | Kartlegg kreative initiativ som har gitt solide resultater [Lav/Lav]
NE-36,41,Menneske,Trygghet,Nysgjerrighet,Hva er status for nysgjerrighet i virksomheten?,"Her ble det pekt på eksempler fra tømrerbransjen der en motiverer gjennom å lage gode løsninger for lønn, stiller spørsmål og utfordrer. CEO: «Det er ikke så vanskelig. De er født med hjerne.» En må tåle å bli misforstått og innse at en ikke eier sannheten.","Både sett i lys av kvalitetsarbeid og motivasjonsteorier er det verdifullt å ha innsikt i eget arbeid, leddene før og gjerne også leddene etter. Dette gir en følelse av å forstå helheten og kan stimulere på mange ulike måter.","Verdikjedeanalyse [Lav/Middels] | Undersøke hvilke ansatte som har hvilken innsikt i eget virke, kunnskapsgap og -hunger [Lav/Middels] | Kjør opplæring i bruk av KI-verktøy for å få inspirasjon til hvordan stimulere nysgjerrigheten [Lav/Middels]"
NE-37,42,Menneske,Trygghet,Oppmerksomhet,Hva er status for oppmerksomhet i virksomheten?,"Virksomheten ser for seg å stille seg ydmyk ift ny kompetanse og ønsker å være åpen for innspill og diskusjon. Sett i lys av at visjonen og kongstanken er krystallklar, skal det legges til rette for pragmatiske rammer for hvordan man kommer seg til det langsiktige målet.","Det er en normal misforståelse at daglig leder og sikkerhetsansvarlig ivaretar sikkerheten. Dette stemmer ikke mer enn at disse rollene inkluderer et ansvar for å koordinere ulike sikkerhetstiltak utover risikovurdering og etterlevelse av krav og sertifiseringer. Det at hver og en ansatt følger med på omgivelsene for å se etter unaturligheter, farer og trusler gir derfor enorm effekt og bør settes i et system.",Utvikle enkle kanaler for å varsle om uregelmessigheter [Lav/Middels] | Gjennomfør sikkerhetsbriefinger og mikrotrening [Middels/Middels] | Involver ansatte i risikovurderinger [Lav/Lav] | Sikre tydelig kommunikasjon av rutiner og nulltoleranse [Lav/Middels]
NE-38,43,Menneske,Trygghet,Åpenhet,Hva er status for åpenhet i virksomheten?,"Virksomheten skal jobbe med å ha en åpenhet for ideer, til tross for at de som individer er ulike. Emnet kan virke noe vrient å sette ord på.",Oppgaver kan ofte løses på ulike måter. Det er også på denne måten utvikling skjer i mange ulike virksomheter. I praksis kan det være snakk om nye kilder til input og hvordan ledelsen stimulerer de ansatte til å fremme åpenhet til nye måter å gjøre ting på.,Kartlegging av forslag på nye tiltak og gjennomføring av disse [Middels/Høy] | Utvikle en prosess for å se i hvilken grad KI kan bidra i utvikling av prosessene konkret [Lav/Middels]
NE-39,44,Menneske,Trygghet,Besluttsomhet,Hva er status for besluttsomhet i virksomheten?,"Det pekes på at eierskap blant alle ansatte er en nøkkel for å lykkes. For å få det til skal det jobbes aktivt med lytting, men usikker på hvordan får de gode meningene helt frem. Man tenker at støtte er vesentlig.","Det å ha selvsikre ansatte som har selvsikkerhet til å ta beslutninger i virksomheter, kan utgjøre forskjellen på de som følger med i tiden og ikke. Videre kan dette med å ta for omfattende beslutninger i virksomheter på tvers av langsiktige strategier også være problematisk.",Utforme tydelige stillingsstrategier [Lav/Middels] | Utvikle ledere som kan tydeliggjøre de ansattes mandat [Høy/Høy] | Skrive tydelige stillingsbeskrivelser med definert mandat [Middels/Middels]
NE-40,45,Menneske,Trygghet,Trivsel,Hva er status for trivsel i virksomheten?,"I virksomheten skal de ansatte trives. Det kan av og til føles unaturlig å skryte av ansattes innsats, men man ser at det motiverer. For øvrig legges det opp til teamarbeid og en ærlig tilbakemeldingskultur der det gis tilbakemelding om innsats som ikke er god nok. Utfordringen ligger litt i at ulike generasjoner trives på ulike vilkår.","Å trives på jobben er grunnleggende for å kunne etablere trygghet hos enhver medarbeider. Trivselsarbeidet må gjerne tilpasses bransjer, virksomheter og de ansatte. Det er ikke alltid helt slik at «one size fits all».","Gjennomfør medarbeiderundersøkelser med spørsmål om trivsel spesifikt [Lav/Lav] | Tren ledere opp i empati, betydningen av trivsel og hvordan påvirke dette [Høy/Middels]"
NE-41,46,Menneske,Visjon,Visjon i virket,Hva er status for visjon i virket i virksomheten?,"Under dette emnet havnet vi i fella og snakket om byggepraksis i tømreryrket. Det pekers på en visjon om yrkesstolthet og materialkvalitet er i kjernen for virksomheten, og representeres med yrkesbakgrunnen til daglig leder. Håndtverkerne er idag avhengige av byggevareleverandører osv. Ny markedssituasjon fordi færre billig- produkter. De som tar bærekraftsansvar, sees på som seriøse.",En tydelig visjon er ofte grunnleggende og førende for hvordan de ulike ansatte skal oppfatte bakgrunnen for virksomhetens eksistens. Årsaken til at dette er viktig kommer til syne gjennom en grunnleggende måte å tenke både leveranser og utvikling på.,Etabler en lett forståelig og attraktiv beskrivelse av virksomhetens visjon [Middels/Høy] | Gjennomfør undersøkelse blant ansatte om visjonen [Lav/Lav] | Gjennomfør undersøkelse blant forretningsforbindelser om visjonen [Høy/Middels]
NE-42,47,Menneske,Verdier,Verdier i hverdagen,Hva er status for verdier i hverdagen i virksomheten?,Verdiene i virksomheten peker tilbake på å kvalitetsbegrep som tekniske spesialister og bransjefolk innehar. Bransje- og domenekunnskap skal inn i arbeidshverdagen. Det er her vi finner verdiene som er bærebjelken i faget.,Virksomhetens entydige og sunne verdier er grunnleggende for at enhver ansatt skal kunne gjennomføre sitt virke til enhver tid – spesielt i tilfeller der man kommer opp i en situasjon som ikke er regulert av krav eller rutiner.,Utvikle entydige og sunne verdier [Middels/Middels] | Sørg for at ledere er rollemodeller (Walk the talk) [Lav/Høy] | Integrer verdier i rekruttering og prestasjonsytring [Middels/Middels] | Etabler åpen og trygg kommunikasjon [Lav/Middels] | Prioriter balanse og helse (velvære) [Middels/Middels]
NE-43,48,Menneske,Mål,Opplæring i mål,Hva er status for opplæring i mål i virksomheten?,Ledelsen virker usikker på emnet. Etter en lengre tenkepause konkluderes det med at emnet vil være fruktbart i sammenheng inn mot første ansettelse. Bevisstgjøringen handler om at ansatte må forstå hvor vi vil.,"Dette med å jobbe målrettet kan være et godt styringsverktøy for ledere i virksomheten. Måling kan gjøres mot ulike faktorer som omsetning, økonomi, trivsel, fravær eller annet. I noen tilfeller er måling av leveranse også et kvalitetstall overfor leveranser.","Gjennomfør trening i hvordan måling skal gjøres [Middels/Høy] | Evaluer virksomhetens mål, ift relevans og kvalitet [Middels/Middels] | Undersøk med virksomhetens ansatte i hvilken grad de er bevisste ift målarbeidet [Middels/Middels]"
NE-44,49,Menneske,Ressurser,Ansattes ferdigheter,Hva er status for ansattes ferdigheter i virksomheten?,"Etter hvert enes gruppen om at det vil være vesentlig å «gjøre ting enkelt» uavhengig av deres bakgrunn. Det pekes på at ansatte må ha en helhetlig forståelse, at jobben skal gjøres på et kontor, men at det er et program/plattform som skal snakke mot regnskapsfolk. Det er vesentlig å huske på hvem som er i målgruppen.","Kompetanse må stadig repeteres, fornyes og utvikles. Nye ansatte kommer til og verden utvikler seg. Sørg for at ansatte evner til å levere som forventet overfor eksterne og interne kunder",Gjennomfør kompetansekartlegging [Lav/Middels] | Strukturer behov for kompetanse knyttet til ulike oppgaver [Middels/Middels]
NE-45,50,Menneske,Stress,Oppmerksomhet på stress,Hvordan følger dere med på og håndterer stress?,"Uten ansatte så blir det prematurt å tenke på stress som noe å ha oppmerksomhet på. «For oss som er her i dag, er det penger som er stress», men det har man kontroll på.","Mange syns det kan være artig med hektiske perioder, men i de tilfellene periodene blir for langvarige og intense, kan det fort bli mer betraktet som stress. Dette kan være skadelig. Sørg for at det er oppmerksomhet knyttet til temaet.",Tren lederne på å gjenkjenne tegn på stress og skadevirkningen med dette [Middels/Høy] | Etabler «stressfrie soner» eller «stille timer» [Middels/Lav] | Del kunnskap om arbeidsmiljø og stressmestring [Middels/Middels] | Innfør rutiner for anerkjennelse og debrief [Middels/Middels]
NE-46,51,Menneske,Konflikt,Oppmerksomhet på konflikt,Hvordan følger dere med på og håndterer konflikt?,"Nok en prematur bevisstgjøring uten ansatte. Tenker fortsatt at det er vesentlig å snakke med hverandre, se ann landskapet og ta utfordringer fortløpende.",Konflikter tærer ofte på mer enn bare de delaktige partene i selve konflikten. Dersom en ikke får tatt tak i slike utfordringer tidlig kan det utvikle seg og på sikt svekke tilliten til ledelsen. Husk at konflikter gjerne har en fase før det blir synlig.,Gjør risikovurdering ift fare for konflikter [Lav/Middels] | Tren ledere opp i å både oppdage og håndtere konflikter [Middels/Høy] | Gjennomfør medarbeider undersøkelser for å kartlegge konflikter [Middels/Middels]
NE-47,52,Påvirkning,Formell,Myndighetskrav,Hvordan identifiserer og etterlever dere relevante myndighetskrav?,"Pr. i dag er det få krav fra myndighetene. Skattemyndighetene er relevante. Dette blir nok mer relevant på sikt med ansatte, i forhold til informasjonssikkerhet osv.","Å etterleve myndighetskrav regnes som en selvfølge, men det er ulike måter å gjøre dette så effektivt som mulig. Merk at ulike bransjer gjerne har ulike myndighetskrav, samtidig som at ulike funksjoner også er underlagt ulike krav.",Etabler en relasjon med advokat for å avklare hvilke krav som gjelder og rettspraksis rundt disse [Middels/Høy] | Knytt virksomheten opp til interesseorganisasjoner som kjører juridisk faglige oppdateringer [Middels/Middels] | Følg med i bransjens tidskrifter og artikler knyttet til temaet [Lav/Middels]
NE-48,53,Påvirkning,Formell,Myndighetskontakt,Hvordan er kontakten med myndigheter organisert og fulgt opp?,"Til nå har virksomheten kun vært i kontakt med arbeidstilsynet, den lokale kommunen og miljødirektorater. Det kan nok bli mer kontakt på sikt.","Å ha kontakt med myndighetene er noe virksomheter både må, kan og bør ha. Som virksomhetsleder plikter man å etterkomme myndighetenes anmodninger, samtidig kan det være stor grad av verdi å hente i å ha en positiv relasjon. Nøkkelord her er åpenhet, proaktivitet og forutsigbarhet.",Kartlegg all myndighetskontakt i virksomheten [Lav/Høy] | Etabler en proaktiv og åpen dialog med myndighetene [Middels/Middels] | Bruk klarspråk og vær konsis overfor myndighetene [Middels/Høy] | Dokumenter og del data som avtalt med myndighetene [Middels/Middels] | Lever som avtalt og vær forutsigbar overfor myndighetene [Middels/Middels]
NE-49,54,Påvirkning,Formell,Organisert arbeidsliv,Hvordan forholder virksomheten seg til organisert arbeidsliv og partssamarbeid?,Daglig leder uttrykker: «Ikke aktuelt med fagforeninger knyttet med utvikling av app!»,Fagforeninger spiller en viktig rolle for å samle de ansattes ønsker og krav og kan på mange måter forenkle dialogen mellom arbeidsgiver og arbeidstaker. Det å ha en sunn relasjon med fagforeningene kan være lurt.,Etabler et sunt samarbeid med fagforeningen [Lav/Lav] | Meld virksomheten inn i en arbeidsgiver organisasjon [Lav/Lav] | Planlegg samarbeidet med fagforeningen [Lav/Lav]
NE-50,55,Påvirkning,Uformell,Holdninger,Hva er status for holdninger i virksomheten?,"Ledergruppen mener at å beskrive internkulturen ikke «skal være så vanskelig» og at om det er en ting som er helt uakseptabelt, så er det mobbing.",Internkultur i en virksomhet er krevende å forstå og enda mer vrien å forme. Det å ha en strategi og mål med hvor vi vil med denne og hvordan få det til kan påvirke grenseløst,Gjennomfør medarbeiderundersøkelse for å kartlegge holdningene i virksomheten [Middels/Middels] | Gjennomfør sluttintervjuer for å avklare interne holdninger [Lav/Middels] | Definér og levér på felles verdier [Middels/Høy] | Lag en kultur for åpen og konstruktiv kommunikasjon [Lav/Høy]
NE-51,56,Påvirkning,Uformell,Uformelle ledere,"Hvilke uformelle ledere eller maktposisjoner finnes, eller kan oppstå, i virksomheten?","Selv om daglig leder selv hevder at han ikke «er så flink sosialt», så anses emnet for å være noe prematurt og kan tas opp ved en senere anledning.","Utover virksomhetens organisasjonskart, er det ikke unormalt at det finnes enkeltpersoner som gjennom personlighet, kompetanse, ansiennitet, relasjoner eller annet utgjør en maktposisjon. Det vil være av høy viktighet å kartlegge disse og deres tilnærming.",Identifiser og anerkjenn de uformelle lederne [Lav/Lav] | Gjennomfør medarbeiderundersøkelser [Lav/Lav] | Gjennomfør sluttintervjuer for å kartlegge uformelle ledere [Lav/Middels] | Sørg for å utvikle lederne slik at de kan oppdage og håndtere uformelle ledere [Middels/Lav] | Etabler generelt faste møteplasser med lav terskel [Middels/Lav]
NE-52,57,Påvirkning,Støttende,Bransjeorganisasjoner,Hva er status for bransjeorganisasjoner i virksomheten?,"Virksomheten er ikke medlem av noen bransjeorganisasjon, men vil vurdere dette så snart det blir mer aktuelt.","Bransjeorganisasjoner har det med å sette et lys på felles utfordringer, muligheter, nyvinninger, lovreguleringer, arbeidsmarkedet og langsiktige perspektiv. Det å bidra aktivt inn mot bransjeorganisasjoner kan derfor gi gode resultater på både kort og lang sikt.","Sørg for å ha en strategisk tilnærming til relevant bransjeorganisasjon, ved å etablere felles mål/nytte [Middels/Høy] | Bygg tillit gjennom åpen og aktiv kommunikasjon [Lav/Høy] | Vær en aktiv bidragsyter, ikke bare mottaker [Middels/Middels] | Etabler faste møteplasser og struktur for samhandling [Lav/Middels]"
NE-53,58,Påvirkning,Støttende,Samarbeidspartnere,"Hvilke samarbeidspartnere er kritiske for at virksomheten skal lykkes, og hvordan ivaretas relasjonene?","Det jobbes ikke spesielt tett med noen samarbeidspartnere, men når dette kommer på plass, skal også de kjenne til våre verdier og dele disse.","Normalt omgir man seg med mange ulike samarbeidspartnere som kan støtte oss både planlagt og ved tilfeller der man kanskje skulle tro man stod alene. Av og til er det kamper mot en felles utfordring, andre ganger har man interesse av at begge parter lykkes",Kartlegg hvilke kunder og leverandører som er positive til oss gjennom regnskap og leverandørlister [Lav/Middels] | Lag en plan for hvordan håndtere om noen av disse aktørene skulle endre sitt syn på oss eller relasjonen [Middels/Lav] | Risikovudering basert på bransje og land [Lav/Lav] | Etabler faste rutiner for internkontroll [Lav/Middels]
NE-54,59,Påvirkning,Utfordrende,Markedsaktører,"Hvilke markedsaktører kan støtte, utfordre eller motarbeide virksomheten?","I fremtiden vil alt måtte måles i kroner og ører. Ledergruppen har ikke tenkt på hvilken effekt deres inntog har på bransjen, men opplever allerede at snekkerne kan fremstå som noe skeptiske. De anser at det vil komme strengere krav fremover.","Det å møte aktører i et marked som er kritiske eller negative til vår eksistens, er ganske naturlig. Verdien av å vite hvem disse er, hva de mener og i hvilken grad de kan påvirke oss og våre beslutninger kan være avgjørende.",Kartlegg markedsaktører som er negative til oss [Middels/Middels] | Overvåk Sosiale Medier etter negativ omtale [Lav/Middels] | Utfør kvalitative dybdeintervjuer med nøytrale parter [Høy/Middels]
NE-55,60,Påvirkning,Utfordrende,Motarbeidere,Hva er status for motarbeidere i virksomheten?,Medarbeidere som bruker sin energi på å jobbe mot prosjektet «vil få sparken». Dette er åpenbart en adferd som ikke aksepteres og vil bli slått beinhardt ned på.,"Noen ganger opplever vi å ha ansatte som fremstår som negative til virksomheten, våre prosesser, våre produkter eller på annen måte ikke er lojale. Disse er det viktig å ha kontroll på og en plan på hvordan skal håndteres dersom de skulle gå for langt.",Gjennomfør medarbeiderundersøkelse for å kartlegge hvem som er illojale og hva bakgrunnen for dette er [Middels/Høy] | Ledelsen etablerer en kultur for trygg kommunikasjon [Lav/Høy] | Sikre tydelige forventninger og mål på ansattnivå [Middels/Høy] | Anerkjenn og belønn innsats regelmessig for å stagge motarbeidere [Middels/Middels] | Innfør systematisk HMS-arbeid mot mobbing og utfrysing [Middels/Middels]
NE-56,61,Påvirkning,Fiendtlig,Forebygging av utpressing,Hvordan arbeider dere med forebygging av utpressing?,Virksomheten anser faren for utpressing så lav at dette anses som noe som ikke kan skje dem og de vil handle der etter.,"Kriminelle aktører kan være truende til å ty til ulike grep for å oppnå vinning. Robuste organisasjoner der kommunikasjonen er tett og god mellom ledelsen og de ansatte, vil ha bedre forutsetninger for å håndtere denne form for fiendtlig aktivitet.","Utforme en policy for hvordan utpressing skal forebygges, oppdages, håndteres [Lav/Middels] | Sikre gode og oppdaterte sikkerhetskopier (backup) for å dekke eventuelle sikkerhetshull [Middels/Høy] | Oppdater programvare og systemer fortløpende for å forebygge utpressing [Middels/Høy] | Opplæring og bevisstgjøring av ansatte [Middels/Høy] | Begrens tilgangsrettigheter (prinsippet om minste tilgang) [Lav/Middels]"
NE-57,62,Påvirkning,Fiendtlig,Forebygging av svindel,Hvordan arbeider dere med forebygging av svindel?,Virksomheten er i et marked hvor det finnes aktører som driver med svindel. De må arbeide løpende for å ikke bli oppfattet som å selv være en av dem. De har ikke tenkt igjennom tiltak ennå for å forebygge å selv bli oder for svindel. Grønnvasking er også noe som kan tas med i denne sammenheng.,"I en hverdag med rask teknologisk utvikling der det kan være vanskelig å henge med i svingene, er det fort gjort å bli utsatt for svindel. Triksene som de kriminelle benytter er ofte så sofistikerte at man skjønner ikke hva som er skjedd før det er for sent.",Ha tydelige beløpsgrenser for de ulike ansatte for å redusere konsekvensene av svindel [Lav/Middels] | Etablere rutiner for utbetalinger (2-par øyne) [Lav/Høy] | Gjennomfør kredittvurdering av nye kunder [Middels/Middels] | Opplæring av ansatte i sikkerhetskultur [Middels/Middels] | Oppdatere programvare og IT-systemer [Middels/Høy]
NE-58,63,Påvirkning,Fiendtlig,Forebygging av korrupsjon,Hvordan arbeider dere med forebygging av korrupsjon?,Helt generelt råder det en viss grad av «hva korrupsjon egentlig er». Utover det presenteres bransjen som en med mye kameraderi som det er krevende å forholde seg til. Plattformen i seg selv skal bidra til å hindre korrupsjon.,"I noen tilfeller der det er snakk om store summer og lav risiko for å bli oppdaget, kan ansatte i ulike situasjoner la seg involvere i korrupsjon. Dette er naturligvis svært skadelig for alle parter.",Etabler rutiner for å oppdage korrupsjon og forsøk (Code of Conduct og varslingskanaler) [Middels/Middels] | Skap holdningsskapende arbeid knyttet korrupsjon [Høy/Høy] | Gjennomgå en plan for å håndtere korrupsjon dersom det oppstår og oppdages [Lav/Middels] | Gjennomfør opplæring og skap bevisstgjøring (Aktsomhetsvurderinger) [Middels/Høy] | Etterlev ISO 37001 (Ledelsessystem mot korrupsjon) [Høy/Høy]
NE-59,64,Påvirkning,Fiendtlig,Håndtering av sårbarheter,Hvordan håndterer dere sårbarheter?,Emnet ble behandlet etter en kort tenkepause. Virksomheten opplever at de er for umodne for å bruke energi på dette. Ikke relevant.,"Sårbarhetssamtaler er noe vi gjør med ansatte som har bakgrunn fra ulike nasjoner, miljøer eller kulturer. Hensikten med sårbarhetssamtaler er å tydeliggjøre for ansatte at dersom de skulle ha behov for det, så må de ta kontakt med ledelsen for å få hjelp til å komme seg ut av eventuelle kniper",Etabler en policy for håndtering av sårbarhetssamtaler [Lav/Middels] | Lag e-læring om når og hvordan gjennomføre sårbarhetsamtaler [Middels/Middels]
NE-60,65,Påvirkning,Omdømme,Gjenoppretting,Hva er status for gjenoppretting i virksomheten?,"Ledergruppen vil, når tiden er inne, se på risikovurderinger utover de enkle nå underveis i jobben med produktet. Det er ønske å se på forebyggende tiltak. «Vi skal jobbe forebyggende, ikke spare dette til slutten.»","En virksomhet med langsiktige mål og visjoner, vil være svært opptatt av sitt omdømme. Svekket omdømme vil i mange tilfeller bidra til også svekket tillit som fører til svekket salgsresultater. Med andre ord er det svært viktig å vinne tillit og bygge omdømmet når noe har gått galt",Etabler en policy for hvordan håndtere ting som går galt [Lav/Middels] | Etabler en policy for hvordan håndtere media [Lav/Høy] | Gjør regelmessige kundeundersøkelser for å avdekke eventuelle brudd på tillit og omdømme [Middels/Middels]
